source_id	period	nseg	lbl	count	sum
dfe_ks4_subject_entries	2023	3	*	9	12.0
dfe_ks4_subject_entries	2023	3	*1	1841	9270.0
dfe_ks4_subject_entries	2023	3	*2	4256	12127.0
dfe_ks4_subject_entries	2023	3	1	32941	172978.0
dfe_ks4_subject_entries	2023	3	11	2673	10489.0
dfe_ks4_subject_entries	2023	3	2	43072	313754.0
dfe_ks4_subject_entries	2023	3	21	2959	15747.0
dfe_ks4_subject_entries	2023	3	22	3116	23124.0
dfe_ks4_subject_entries	2023	3	3	53415	578040.0
dfe_ks4_subject_entries	2023	3	32	3273	33302.0
dfe_ks4_subject_entries	2023	3	33	3368	43302.0
dfe_ks4_subject_entries	2023	3	4	57992	633369.0
dfe_ks4_subject_entries	2023	3	43	3472	52617.0
dfe_ks4_subject_entries	2023	3	44	3530	47195.0
dfe_ks4_subject_entries	2023	3	5	61327	764419.0
dfe_ks4_subject_entries	2023	3	54	3540	49006.0
dfe_ks4_subject_entries	2023	3	55	3555	52372.0
dfe_ks4_subject_entries	2023	3	6	61173	675267.0
dfe_ks4_subject_entries	2023	3	65	3350	25602.0
dfe_ks4_subject_entries	2023	3	66	3358	24437.0
dfe_ks4_subject_entries	2023	3	7	58555	492986.0
dfe_ks4_subject_entries	2023	3	76	3240	19806.0
dfe_ks4_subject_entries	2023	3	77	2945	13124.0
dfe_ks4_subject_entries	2023	3	8	54058	371317.0
dfe_ks4_subject_entries	2023	3	87	2665	9814.0
dfe_ks4_subject_entries	2023	3	88	2320	7338.0
dfe_ks4_subject_entries	2023	3	9	45394	267280.0
dfe_ks4_subject_entries	2023	3	98	1849	4770.0
dfe_ks4_subject_entries	2023	3	99	1727	5139.0
dfe_ks4_subject_entries	2023	3	A	240	2796.0
dfe_ks4_subject_entries	2023	3	B	218	814.0
dfe_ks4_subject_entries	2023	3	C	201	599.0
dfe_ks4_subject_entries	2023	3	Covid impacted	123	196.0
dfe_ks4_subject_entries	2023	3	D	324	923.0
dfe_ks4_subject_entries	2023	3	D1	10733	54015.0
dfe_ks4_subject_entries	2023	3	D2	8933	43421.0
dfe_ks4_subject_entries	2023	3	E	149	331.0
dfe_ks4_subject_entries	2023	3	L1D	856	4428.0
dfe_ks4_subject_entries	2023	3	L1M	738	3081.0
dfe_ks4_subject_entries	2023	3	L1P	586	1865.0
dfe_ks4_subject_entries	2023	3	L2*	182	331.0
dfe_ks4_subject_entries	2023	3	L2D	607	2757.0
dfe_ks4_subject_entries	2023	3	L2M	831	5820.0
dfe_ks4_subject_entries	2023	3	L2P	899	6796.0
dfe_ks4_subject_entries	2023	3	M	179	832.0
dfe_ks4_subject_entries	2023	3	M1	9127	33133.0
dfe_ks4_subject_entries	2023	3	M2	10985	76734.0
dfe_ks4_subject_entries	2023	3	P	160	688.0
dfe_ks4_subject_entries	2023	3	P1	6918	18723.0
dfe_ks4_subject_entries	2023	3	P2	11505	83738.0
dfe_ks4_subject_entries	2023	3	Total exam entries	102261	5239705.0
dfe_ks4_subject_entries	2023	3	U	31074	96649.0
dfe_ks4_subject_entries	2023	3	X	15808	34492.0
dfe_ks4_subject_entries	2024	3	1	32265	164352.0
dfe_ks4_subject_entries	2024	3	11	2673	10436.0
dfe_ks4_subject_entries	2024	3	2	42692	301674.0
dfe_ks4_subject_entries	2024	3	21	3001	15973.0
dfe_ks4_subject_entries	2024	3	22	3180	23531.0
dfe_ks4_subject_entries	2024	3	3	53141	570063.0
dfe_ks4_subject_entries	2024	3	32	3290	32047.0
dfe_ks4_subject_entries	2024	3	33	3375	43275.0
dfe_ks4_subject_entries	2024	3	4	57312	614969.0
dfe_ks4_subject_entries	2024	3	43	3519	53709.0
dfe_ks4_subject_entries	2024	3	44	3565	46448.0
dfe_ks4_subject_entries	2024	3	5	61275	746043.0
dfe_ks4_subject_entries	2024	3	54	3577	47353.0
dfe_ks4_subject_entries	2024	3	55	3627	53434.0
dfe_ks4_subject_entries	2024	3	6	61106	663587.0
dfe_ks4_subject_entries	2024	3	65	3423	27343.0
dfe_ks4_subject_entries	2024	3	66	3401	25535.0
dfe_ks4_subject_entries	2024	3	7	58468	483849.0
dfe_ks4_subject_entries	2024	3	76	3288	21743.0
dfe_ks4_subject_entries	2024	3	77	2982	13197.0
dfe_ks4_subject_entries	2024	3	8	54323	373727.0
dfe_ks4_subject_entries	2024	3	87	2755	10644.0
dfe_ks4_subject_entries	2024	3	88	2427	7672.0
dfe_ks4_subject_entries	2024	3	9	45795	270459.0
dfe_ks4_subject_entries	2024	3	98	1966	5090.0
dfe_ks4_subject_entries	2024	3	99	1738	5241.0
dfe_ks4_subject_entries	2024	3	A	213	2437.0
dfe_ks4_subject_entries	2024	3	B	192	701.0
dfe_ks4_subject_entries	2024	3	C	192	651.0
dfe_ks4_subject_entries	2024	3	Covid impacted	28	40.0
dfe_ks4_subject_entries	2024	3	D	169	432.0
dfe_ks4_subject_entries	2024	3	Distinction	93	264.0
dfe_ks4_subject_entries	2024	3	E	141	315.0
dfe_ks4_subject_entries	2024	3	Level 1 distinction	11393	54492.0
dfe_ks4_subject_entries	2024	3	Level 1 distinction star	2020	10283.0
dfe_ks4_subject_entries	2024	3	Level 1 merit	9560	32307.0
dfe_ks4_subject_entries	2024	3	Level 1 pass	7002	17717.0
dfe_ks4_subject_entries	2024	3	Level 2 distinction	9960	51668.0
dfe_ks4_subject_entries	2024	3	Level 2 distinction star	5003	14950.0
dfe_ks4_subject_entries	2024	3	Level 2 merit	11994	86773.0
dfe_ks4_subject_entries	2024	3	Level 2 pass	12402	90707.0
dfe_ks4_subject_entries	2024	3	Merit	97	377.0
dfe_ks4_subject_entries	2024	3	Pass	86	229.0
dfe_ks4_subject_entries	2024	3	Total exam entries	102948	5159821.0
dfe_ks4_subject_entries	2024	3	U	30215	93262.0
dfe_ks4_subject_entries	2024	3	X	15096	31857.0
dfe_ks4_subject_entries_historic	2020	3	Total	90153	4810327.0
dfe_ks4_subject_entries_historic	2021	3	*	232	949.0
dfe_ks4_subject_entries_historic	2021	3	*1	297	1032.0
dfe_ks4_subject_entries_historic	2021	3	*2	6977	33953.0
dfe_ks4_subject_entries_historic	2021	3	1	28307	123716.0
dfe_ks4_subject_entries_historic	2021	3	11	2220	6959.0
dfe_ks4_subject_entries_historic	2021	3	2	38133	236355.0
dfe_ks4_subject_entries_historic	2021	3	21	2674	11775.0
dfe_ks4_subject_entries_historic	2021	3	22	2961	18279.0
dfe_ks4_subject_entries_historic	2021	3	3	47950	437716.0
dfe_ks4_subject_entries_historic	2021	3	32	3102	27631.0
dfe_ks4_subject_entries_historic	2021	3	33	3223	39212.0
dfe_ks4_subject_entries_historic	2021	3	4	53373	549148.0
dfe_ks4_subject_entries_historic	2021	3	43	3364	51437.0
dfe_ks4_subject_entries_historic	2021	3	44	3399	43406.0
dfe_ks4_subject_entries_historic	2021	3	5	58294	718535.0
dfe_ks4_subject_entries_historic	2021	3	54	3441	45742.0
dfe_ks4_subject_entries_historic	2021	3	55	3467	53802.0
dfe_ks4_subject_entries_historic	2021	3	6	58634	658635.0
dfe_ks4_subject_entries_historic	2021	3	65	3280	24763.0
dfe_ks4_subject_entries_historic	2021	3	66	3227	23028.0
dfe_ks4_subject_entries_historic	2021	3	7	57295	506631.0
dfe_ks4_subject_entries_historic	2021	3	76	3136	19557.0
dfe_ks4_subject_entries_historic	2021	3	77	2916	14462.0
dfe_ks4_subject_entries_historic	2021	3	8	54167	403818.0
dfe_ks4_subject_entries_historic	2021	3	87	2620	10662.0
dfe_ks4_subject_entries_historic	2021	3	88	2306	7790.0
dfe_ks4_subject_entries_historic	2021	3	9	47469	320056.0
dfe_ks4_subject_entries_historic	2021	3	98	1844	4983.0
dfe_ks4_subject_entries_historic	2021	3	99	1701	5531.0
dfe_ks4_subject_entries_historic	2021	3	A	390	4000.0
dfe_ks4_subject_entries_historic	2021	3	AC1	46	131.0
dfe_ks4_subject_entries_historic	2021	3	B	370	1757.0
dfe_ks4_subject_entries_historic	2021	3	C	350	1311.0
dfe_ks4_subject_entries_historic	2021	3	C1	24	40.0
dfe_ks4_subject_entries_historic	2021	3	Covid impacted	4549	91845.0
dfe_ks4_subject_entries_historic	2021	3	D	958	5102.0
dfe_ks4_subject_entries_historic	2021	3	D*	36	150.0
dfe_ks4_subject_entries_historic	2021	3	D1	7269	33591.0
dfe_ks4_subject_entries_historic	2021	3	D2	9714	54572.0
dfe_ks4_subject_entries_historic	2021	3	E	134	299.0
dfe_ks4_subject_entries_historic	2021	3	F	163	496.0
dfe_ks4_subject_entries_historic	2021	3	M	820	5844.0
dfe_ks4_subject_entries_historic	2021	3	M1	5632	19001.0
dfe_ks4_subject_entries_historic	2021	3	M2	11621	86319.0
dfe_ks4_subject_entries_historic	2021	3	No result	15793	32119.0
dfe_ks4_subject_entries_historic	2021	3	P	730	4292.0
dfe_ks4_subject_entries_historic	2021	3	P1	6412	24112.0
dfe_ks4_subject_entries_historic	2021	3	P2	12150	116350.0
dfe_ks4_subject_entries_historic	2021	3	Total number entered	98104	4984349.0
dfe_ks4_subject_entries_historic	2021	3	U	25613	69498.0
dfe_ks4_subject_entries_historic	2022	3	*	250	1203.0
dfe_ks4_subject_entries_historic	2022	3	*1	289	963.0
dfe_ks4_subject_entries_historic	2022	3	*2	6508	27766.0
dfe_ks4_subject_entries_historic	2022	3	1	31618	166959.0
dfe_ks4_subject_entries_historic	2022	3	11	2612	10092.0
dfe_ks4_subject_entries_historic	2022	3	2	42078	308237.0
dfe_ks4_subject_entries_historic	2022	3	21	2905	15261.0
dfe_ks4_subject_entries_historic	2022	3	22	3096	23057.0
dfe_ks4_subject_entries_historic	2022	3	3	52820	559916.0
dfe_ks4_subject_entries_historic	2022	3	32	3204	32086.0
dfe_ks4_subject_entries_historic	2022	3	33	3313	41518.0
dfe_ks4_subject_entries_historic	2022	3	4	57304	624422.0
dfe_ks4_subject_entries_historic	2022	3	43	3443	51175.0
dfe_ks4_subject_entries_historic	2022	3	44	3459	44618.0
dfe_ks4_subject_entries_historic	2022	3	5	60409	729410.0
dfe_ks4_subject_entries_historic	2022	3	54	3489	45591.0
dfe_ks4_subject_entries_historic	2022	3	55	3495	49137.0
dfe_ks4_subject_entries_historic	2022	3	6	60070	661009.0
dfe_ks4_subject_entries_historic	2022	3	65	3324	25946.0
dfe_ks4_subject_entries_historic	2022	3	66	3267	23528.0
dfe_ks4_subject_entries_historic	2022	3	7	57300	472883.0
dfe_ks4_subject_entries_historic	2022	3	76	3124	19439.0
dfe_ks4_subject_entries_historic	2022	3	77	2835	12185.0
dfe_ks4_subject_entries_historic	2022	3	8	52583	355579.0
dfe_ks4_subject_entries_historic	2022	3	87	2560	9434.0
dfe_ks4_subject_entries_historic	2022	3	88	2194	6621.0
dfe_ks4_subject_entries_historic	2022	3	9	43660	253510.0
dfe_ks4_subject_entries_historic	2022	3	98	1742	4244.0
dfe_ks4_subject_entries_historic	2022	3	99	1589	4625.0
dfe_ks4_subject_entries_historic	2022	3	A	399	3885.0
dfe_ks4_subject_entries_historic	2022	3	AC1	38	99.0
dfe_ks4_subject_entries_historic	2022	3	B	378	1829.0
dfe_ks4_subject_entries_historic	2022	3	C	351	1286.0
dfe_ks4_subject_entries_historic	2022	3	C1	19	31.0
dfe_ks4_subject_entries_historic	2022	3	Covid impacted	783	5177.0
dfe_ks4_subject_entries_historic	2022	3	D	1093	5759.0
dfe_ks4_subject_entries_historic	2022	3	D*	25	88.0
dfe_ks4_subject_entries_historic	2022	3	D1	7521	33550.0
dfe_ks4_subject_entries_historic	2022	3	D2	10049	59462.0
dfe_ks4_subject_entries_historic	2022	3	E	153	307.0
dfe_ks4_subject_entries_historic	2022	3	F	203	525.0
dfe_ks4_subject_entries_historic	2022	3	M	911	5995.0
dfe_ks4_subject_entries_historic	2022	3	M1	5814	19932.0
dfe_ks4_subject_entries_historic	2022	3	M2	11690	83004.0
dfe_ks4_subject_entries_historic	2022	3	No result	16564	36218.0
dfe_ks4_subject_entries_historic	2022	3	P	807	4014.0
dfe_ks4_subject_entries_historic	2022	3	P1	6829	27040.0
dfe_ks4_subject_entries_historic	2022	3	P2	12297	108939.0
dfe_ks4_subject_entries_historic	2022	3	Total number entered	101570	5111271.0
dfe_ks4_subject_entries_historic	2022	3	U	31122	95747.0
dfe_ks5_subject_results	2023	4	*	42969	172134.0
dfe_ks5_subject_results	2023	4	1	1050	15.0
dfe_ks5_subject_results	2023	4	2	1050	326.0
dfe_ks5_subject_results	2023	4	24	133	56.0
dfe_ks5_subject_results	2023	4	25	133	60.0
dfe_ks5_subject_results	2023	4	26	133	78.0
dfe_ks5_subject_results	2023	4	27	133	136.0
dfe_ks5_subject_results	2023	4	28	133	150.0
dfe_ks5_subject_results	2023	4	29	133	234.0
dfe_ks5_subject_results	2023	4	3	1050	1506.0
dfe_ks5_subject_results	2023	4	30	133	206.0
dfe_ks5_subject_results	2023	4	31	133	330.0
dfe_ks5_subject_results	2023	4	32	133	322.0
dfe_ks5_subject_results	2023	4	33	133	344.0
dfe_ks5_subject_results	2023	4	34	133	326.0
dfe_ks5_subject_results	2023	4	35	133	340.0
dfe_ks5_subject_results	2023	4	36	133	416.0
dfe_ks5_subject_results	2023	4	37	133	362.0
dfe_ks5_subject_results	2023	4	38	133	446.0
dfe_ks5_subject_results	2023	4	39	133	356.0
dfe_ks5_subject_results	2023	4	4	1050	5228.0
dfe_ks5_subject_results	2023	4	40	133	346.0
dfe_ks5_subject_results	2023	4	41	133	348.0
dfe_ks5_subject_results	2023	4	42	133	318.0
dfe_ks5_subject_results	2023	4	43	133	256.0
dfe_ks5_subject_results	2023	4	44	133	186.0
dfe_ks5_subject_results	2023	4	45	133	110.0
dfe_ks5_subject_results	2023	4	5	1050	9941.0
dfe_ks5_subject_results	2023	4	6	1050	12109.0
dfe_ks5_subject_results	2023	4	7	1050	7364.0
dfe_ks5_subject_results	2023	4	A	49325	366468.0
dfe_ks5_subject_results	2023	4	Awarded	46	1706.0
dfe_ks5_subject_results	2023	4	B	49325	487326.0
dfe_ks5_subject_results	2023	4	C	49325	428057.0
dfe_ks5_subject_results	2023	4	D	49325	271136.0
dfe_ks5_subject_results	2023	4	D1	31	6.0
dfe_ks5_subject_results	2023	4	D2	31	20.0
dfe_ks5_subject_results	2023	4	D3	31	60.0
dfe_ks5_subject_results	2023	4	Distinction	13053	70185.0
dfe_ks5_subject_results	2023	4	Distinction-Distinction	2729	7836.0
dfe_ks5_subject_results	2023	4	Distinction-Distinction-Distinction	2216	8826.0
dfe_ks5_subject_results	2023	4	Distinction-Distinction-Merit	2216	9296.0
dfe_ks5_subject_results	2023	4	Distinction-Merit	2729	6636.0
dfe_ks5_subject_results	2023	4	Distinction-Merit-Merit	2216	9000.0
dfe_ks5_subject_results	2023	4	Distinction*	12533	26908.0
dfe_ks5_subject_results	2023	4	Distinction*-Distinction	2629	6537.0
dfe_ks5_subject_results	2023	4	Distinction*-Distinction-Distinction	2216	7910.0
dfe_ks5_subject_results	2023	4	Distinction*-Distinction*	2629	3730.0
dfe_ks5_subject_results	2023	4	Distinction*-Distinction*-Distinction	2216	5870.0
dfe_ks5_subject_results	2023	4	Distinction*-Distinction*-Distinction*	2216	3521.0
dfe_ks5_subject_results	2023	4	E	48651	130282.0
dfe_ks5_subject_results	2023	4	Fail	19484	76860.0
dfe_ks5_subject_results	2023	4	High merit	121	392.0
dfe_ks5_subject_results	2023	4	High pass	121	844.0
dfe_ks5_subject_results	2023	4	M1	31	124.0
dfe_ks5_subject_results	2023	4	M2	31	128.0
dfe_ks5_subject_results	2023	4	M3	31	94.0
dfe_ks5_subject_results	2023	4	Merit	13053	99366.0
dfe_ks5_subject_results	2023	4	Merit-Merit	2729	5133.0
dfe_ks5_subject_results	2023	4	Merit-Merit-Merit	2216	8331.0
dfe_ks5_subject_results	2023	4	Merit-Merit-Pass	2216	6472.0
dfe_ks5_subject_results	2023	4	Merit-Pass	2729	3901.0
dfe_ks5_subject_results	2023	4	Merit-Pass-Pass	2216	6605.0
dfe_ks5_subject_results	2023	4	No result	4720	11189.0
dfe_ks5_subject_results	2023	4	Not Awarded	28	100.0
dfe_ks5_subject_results	2023	4	P1	31	40.0
dfe_ks5_subject_results	2023	4	P2	31	12.0
dfe_ks5_subject_results	2023	4	P3	31	12.0
dfe_ks5_subject_results	2023	4	Pass	13001	65909.0
dfe_ks5_subject_results	2023	4	Pass-Pass	2729	3574.0
dfe_ks5_subject_results	2023	4	Pass-Pass-Pass	2216	4342.0
dfe_ks5_subject_results	2023	4	Suppressed	6993	18724.0
dfe_ks5_subject_results	2023	4	Total	99140	2457498.0
dfe_ks5_subject_results	2024	4	1	1045	11.0
dfe_ks5_subject_results	2024	4	2	1045	204.0
dfe_ks5_subject_results	2024	4	24	130	46.0
dfe_ks5_subject_results	2024	4	25	130	66.0
dfe_ks5_subject_results	2024	4	26	130	96.0
dfe_ks5_subject_results	2024	4	27	130	86.0
dfe_ks5_subject_results	2024	4	28	130	156.0
dfe_ks5_subject_results	2024	4	29	130	196.0
dfe_ks5_subject_results	2024	4	3	1045	1502.0
dfe_ks5_subject_results	2024	4	30	130	282.0
dfe_ks5_subject_results	2024	4	31	130	290.0
dfe_ks5_subject_results	2024	4	32	130	316.0
dfe_ks5_subject_results	2024	4	33	130	330.0
dfe_ks5_subject_results	2024	4	34	130	374.0
dfe_ks5_subject_results	2024	4	35	130	354.0
dfe_ks5_subject_results	2024	4	36	130	414.0
dfe_ks5_subject_results	2024	4	37	130	410.0
dfe_ks5_subject_results	2024	4	38	130	460.0
dfe_ks5_subject_results	2024	4	39	130	334.0
dfe_ks5_subject_results	2024	4	4	1045	4887.0
dfe_ks5_subject_results	2024	4	40	130	386.0
dfe_ks5_subject_results	2024	4	41	130	366.0
dfe_ks5_subject_results	2024	4	42	130	322.0
dfe_ks5_subject_results	2024	4	43	130	246.0
dfe_ks5_subject_results	2024	4	44	130	256.0
dfe_ks5_subject_results	2024	4	45	130	118.0
dfe_ks5_subject_results	2024	4	5	1045	10342.0
dfe_ks5_subject_results	2024	4	6	1045	12278.0
dfe_ks5_subject_results	2024	4	7	1045	7999.0
dfe_ks5_subject_results	2024	4	A	48772	371821.0
dfe_ks5_subject_results	2024	4	A*	42533	175432.0
dfe_ks5_subject_results	2024	4	Awarded	42	1868.0
dfe_ks5_subject_results	2024	4	B	48772	498094.0
dfe_ks5_subject_results	2024	4	C	48772	427945.0
dfe_ks5_subject_results	2024	4	D	48772	254915.0
dfe_ks5_subject_results	2024	4	D1	4	0.0
dfe_ks5_subject_results	2024	4	D2	4	0.0
dfe_ks5_subject_results	2024	4	D3	4	0.0
dfe_ks5_subject_results	2024	4	Distinction	12757	78428.0
dfe_ks5_subject_results	2024	4	Distinction-Distinction	2571	8522.0
dfe_ks5_subject_results	2024	4	Distinction-Distinction-Distinction	2093	9902.0
dfe_ks5_subject_results	2024	4	Distinction-Distinction-Merit	2093	10024.0
dfe_ks5_subject_results	2024	4	Distinction-Merit	2571	7002.0
dfe_ks5_subject_results	2024	4	Distinction-Merit-Merit	2093	9134.0
dfe_ks5_subject_results	2024	4	Distinction*	12267	30201.0
dfe_ks5_subject_results	2024	4	Distinction*-Distinction	2478	7179.0
dfe_ks5_subject_results	2024	4	Distinction*-Distinction-Distinction	2093	9289.0
dfe_ks5_subject_results	2024	4	Distinction*-Distinction*	2478	4171.0
dfe_ks5_subject_results	2024	4	Distinction*-Distinction*-Distinction	2093	6594.0
dfe_ks5_subject_results	2024	4	Distinction*-Distinction*-Distinction*	2093	3601.0
dfe_ks5_subject_results	2024	4	E	48279	115013.0
dfe_ks5_subject_results	2024	4	Fail	18078	69251.0
dfe_ks5_subject_results	2024	4	High merit	180	762.0
dfe_ks5_subject_results	2024	4	High pass	180	1142.0
dfe_ks5_subject_results	2024	4	M1	4	0.0
dfe_ks5_subject_results	2024	4	M2	4	0.0
dfe_ks5_subject_results	2024	4	M3	4	0.0
dfe_ks5_subject_results	2024	4	Merit	12757	103844.0
dfe_ks5_subject_results	2024	4	Merit-Merit	2571	5080.0
dfe_ks5_subject_results	2024	4	Merit-Merit-Merit	2093	7833.0
dfe_ks5_subject_results	2024	4	Merit-Merit-Pass	2093	6070.0
dfe_ks5_subject_results	2024	4	Merit-Pass	2571	3470.0
dfe_ks5_subject_results	2024	4	Merit-Pass-Pass	2093	5760.0
dfe_ks5_subject_results	2024	4	No result / X	3827	8419.0
dfe_ks5_subject_results	2024	4	Not Awarded	28	68.0
dfe_ks5_subject_results	2024	4	P1	4	0.0
dfe_ks5_subject_results	2024	4	P2	4	0.0
dfe_ks5_subject_results	2024	4	P3	4	0.0
dfe_ks5_subject_results	2024	4	Pass	12660	62632.0
dfe_ks5_subject_results	2024	4	Pass-Pass	2571	3104.0
dfe_ks5_subject_results	2024	4	Pass-Pass-Pass	2093	3568.0
dfe_ks5_subject_results	2024	4	Suppressed	6619	17407.0
dfe_ks5_subject_results	2024	4	Total exam entries	96739	2446898.0
dfe_ks5_subject_results_historic	2020	3	Total	65660	1126552.0
dfe_ks5_subject_results_historic	2021	4	*	44147	133025.0
dfe_ks5_subject_results_historic	2021	4	**	1462	3616.0
dfe_ks5_subject_results_historic	2021	4	***	1696	3667.0
dfe_ks5_subject_results_historic	2021	4	**D	1696	4715.0
dfe_ks5_subject_results_historic	2021	4	*D	1463	4273.0
dfe_ks5_subject_results_historic	2021	4	*DD	1696	4807.0
dfe_ks5_subject_results_historic	2021	4	1	904	4.0
dfe_ks5_subject_results_historic	2021	4	2	904	58.0
dfe_ks5_subject_results_historic	2021	4	24	65	11.0
dfe_ks5_subject_results_historic	2021	4	25	65	18.0
dfe_ks5_subject_results_historic	2021	4	26	65	29.0
dfe_ks5_subject_results_historic	2021	4	27	65	53.0
dfe_ks5_subject_results_historic	2021	4	28	65	57.0
dfe_ks5_subject_results_historic	2021	4	29	65	78.0
dfe_ks5_subject_results_historic	2021	4	3	904	505.0
dfe_ks5_subject_results_historic	2021	4	30	65	88.0
dfe_ks5_subject_results_historic	2021	4	31	65	111.0
dfe_ks5_subject_results_historic	2021	4	32	65	124.0
dfe_ks5_subject_results_historic	2021	4	33	65	136.0
dfe_ks5_subject_results_historic	2021	4	34	65	154.0
dfe_ks5_subject_results_historic	2021	4	35	65	182.0
dfe_ks5_subject_results_historic	2021	4	36	65	192.0
dfe_ks5_subject_results_historic	2021	4	37	65	179.0
dfe_ks5_subject_results_historic	2021	4	38	65	214.0
dfe_ks5_subject_results_historic	2021	4	39	65	218.0
dfe_ks5_subject_results_historic	2021	4	4	904	1973.0
dfe_ks5_subject_results_historic	2021	4	40	65	224.0
dfe_ks5_subject_results_historic	2021	4	41	65	204.0
dfe_ks5_subject_results_historic	2021	4	42	65	224.0
dfe_ks5_subject_results_historic	2021	4	43	65	193.0
dfe_ks5_subject_results_historic	2021	4	44	65	165.0
dfe_ks5_subject_results_historic	2021	4	45	65	102.0
dfe_ks5_subject_results_historic	2021	4	5	904	4139.0
dfe_ks5_subject_results_historic	2021	4	6	904	5910.0
dfe_ks5_subject_results_historic	2021	4	7	904	4883.0
dfe_ks5_subject_results_historic	2021	4	A	42401	175085.0
dfe_ks5_subject_results_historic	2021	4	Awarded	24	568.0
dfe_ks5_subject_results_historic	2021	4	B	42401	210004.0
dfe_ks5_subject_results_historic	2021	4	C	42401	159785.0
dfe_ks5_subject_results_historic	2021	4	COVID result	16199	173071.0
dfe_ks5_subject_results_historic	2021	4	D	50285	113620.0
dfe_ks5_subject_results_historic	2021	4	D1	175	678.0
dfe_ks5_subject_results_historic	2021	4	D2	175	784.0
dfe_ks5_subject_results_historic	2021	4	D3	175	766.0
dfe_ks5_subject_results_historic	2021	4	DD	1566	3568.0
dfe_ks5_subject_results_historic	2021	4	DDD	1696	4545.0
dfe_ks5_subject_results_historic	2021	4	DDM	1696	5194.0
dfe_ks5_subject_results_historic	2021	4	DM	1566	3199.0
dfe_ks5_subject_results_historic	2021	4	DMM	1696	4950.0
dfe_ks5_subject_results_historic	2021	4	E	42092	37456.0
dfe_ks5_subject_results_historic	2021	4	Fail	7784	14773.0
dfe_ks5_subject_results_historic	2021	4	HM	58	245.0
dfe_ks5_subject_results_historic	2021	4	HP	58	373.0
dfe_ks5_subject_results_historic	2021	4	M	7884	24921.0
dfe_ks5_subject_results_historic	2021	4	M1	175	299.0
dfe_ks5_subject_results_historic	2021	4	M2	175	219.0
dfe_ks5_subject_results_historic	2021	4	M3	175	109.0
dfe_ks5_subject_results_historic	2021	4	MM	1566	2599.0
dfe_ks5_subject_results_historic	2021	4	MMM	1696	4612.0
dfe_ks5_subject_results_historic	2021	4	MMP	1696	3503.0
dfe_ks5_subject_results_historic	2021	4	MP	1566	1811.0
dfe_ks5_subject_results_historic	2021	4	MPP	1696	3096.0
dfe_ks5_subject_results_historic	2021	4	No result	1415	3157.0
dfe_ks5_subject_results_historic	2021	4	Not Awarded	13	48.0
dfe_ks5_subject_results_historic	2021	4	P	7875	10628.0
dfe_ks5_subject_results_historic	2021	4	P1	175	52.0
dfe_ks5_subject_results_historic	2021	4	P2	175	28.0
dfe_ks5_subject_results_historic	2021	4	P3	175	27.0
dfe_ks5_subject_results_historic	2021	4	Pass	25	0.0
dfe_ks5_subject_results_historic	2021	4	PP	1566	1365.0
dfe_ks5_subject_results_historic	2021	4	PPP	1696	1777.0
dfe_ks5_subject_results_historic	2021	4	Supp	246	647.0
dfe_ks5_subject_results_historic	2021	4	Total	81997	1214653.0
dfe_ks5_subject_results_historic	2022	4	*	43796	90764.0
dfe_ks5_subject_results_historic	2022	4	**	1341	1980.0
dfe_ks5_subject_results_historic	2022	4	***	1579	1826.0
dfe_ks5_subject_results_historic	2022	4	**D	1579	3006.0
dfe_ks5_subject_results_historic	2022	4	*D	1341	3231.0
dfe_ks5_subject_results_historic	2022	4	*DD	1579	4141.0
dfe_ks5_subject_results_historic	2022	4	1	859	11.0
dfe_ks5_subject_results_historic	2022	4	2	859	143.0
dfe_ks5_subject_results_historic	2022	4	24	66	18.0
dfe_ks5_subject_results_historic	2022	4	25	66	35.0
dfe_ks5_subject_results_historic	2022	4	26	66	49.0
dfe_ks5_subject_results_historic	2022	4	27	66	68.0
dfe_ks5_subject_results_historic	2022	4	28	66	65.0
dfe_ks5_subject_results_historic	2022	4	29	66	88.0
dfe_ks5_subject_results_historic	2022	4	3	859	713.0
dfe_ks5_subject_results_historic	2022	4	30	66	122.0
dfe_ks5_subject_results_historic	2022	4	31	66	127.0
dfe_ks5_subject_results_historic	2022	4	32	66	158.0
dfe_ks5_subject_results_historic	2022	4	33	66	156.0
dfe_ks5_subject_results_historic	2022	4	34	66	173.0
dfe_ks5_subject_results_historic	2022	4	35	66	203.0
dfe_ks5_subject_results_historic	2022	4	36	66	170.0
dfe_ks5_subject_results_historic	2022	4	37	66	189.0
dfe_ks5_subject_results_historic	2022	4	38	66	182.0
dfe_ks5_subject_results_historic	2022	4	39	66	190.0
dfe_ks5_subject_results_historic	2022	4	4	859	2326.0
dfe_ks5_subject_results_historic	2022	4	40	66	195.0
dfe_ks5_subject_results_historic	2022	4	41	66	172.0
dfe_ks5_subject_results_historic	2022	4	42	66	143.0
dfe_ks5_subject_results_historic	2022	4	43	66	108.0
dfe_ks5_subject_results_historic	2022	4	44	66	59.0
dfe_ks5_subject_results_historic	2022	4	45	66	34.0
dfe_ks5_subject_results_historic	2022	4	5	859	4526.0
dfe_ks5_subject_results_historic	2022	4	6	859	5393.0
dfe_ks5_subject_results_historic	2022	4	7	859	3115.0
dfe_ks5_subject_results_historic	2022	4	A	40136	172641.0
dfe_ks5_subject_results_historic	2022	4	Awarded	22	387.0
dfe_ks5_subject_results_historic	2022	4	B	40136	232861.0
dfe_ks5_subject_results_historic	2022	4	C	40136	204725.0
dfe_ks5_subject_results_historic	2022	4	COVID result	6571	31639.0
dfe_ks5_subject_results_historic	2022	4	D	47911	161032.0
dfe_ks5_subject_results_historic	2022	4	D1	91	251.0
dfe_ks5_subject_results_historic	2022	4	D2	91	371.0
dfe_ks5_subject_results_historic	2022	4	D3	91	424.0
dfe_ks5_subject_results_historic	2022	4	DD	1417	3750.0
dfe_ks5_subject_results_historic	2022	4	DDD	1579	4454.0
dfe_ks5_subject_results_historic	2022	4	DDM	1579	4779.0
dfe_ks5_subject_results_historic	2022	4	DM	1417	3357.0
dfe_ks5_subject_results_historic	2022	4	DMM	1579	4556.0
dfe_ks5_subject_results_historic	2022	4	E	39801	61130.0
dfe_ks5_subject_results_historic	2022	4	Fail	13248	31228.0
dfe_ks5_subject_results_historic	2022	4	HM	61	239.0
dfe_ks5_subject_results_historic	2022	4	HP	61	376.0
dfe_ks5_subject_results_historic	2022	4	M	7775	45344.0
dfe_ks5_subject_results_historic	2022	4	M1	91	246.0
dfe_ks5_subject_results_historic	2022	4	M2	91	172.0
dfe_ks5_subject_results_historic	2022	4	M3	91	152.0
dfe_ks5_subject_results_historic	2022	4	MM	1417	2645.0
dfe_ks5_subject_results_historic	2022	4	MMM	1579	4221.0
dfe_ks5_subject_results_historic	2022	4	MMP	1579	3361.0
dfe_ks5_subject_results_historic	2022	4	MP	1417	1861.0
dfe_ks5_subject_results_historic	2022	4	MPP	1579	3360.0
dfe_ks5_subject_results_historic	2022	4	No result	2927	5440.0
dfe_ks5_subject_results_historic	2022	4	Not Awarded	19	51.0
dfe_ks5_subject_results_historic	2022	4	P	7763	28297.0
dfe_ks5_subject_results_historic	2022	4	P1	91	79.0
dfe_ks5_subject_results_historic	2022	4	P2	91	39.0
dfe_ks5_subject_results_historic	2022	4	P3	91	18.0
dfe_ks5_subject_results_historic	2022	4	Pass	22	0.0
dfe_ks5_subject_results_historic	2022	4	PP	1417	1891.0
dfe_ks5_subject_results_historic	2022	4	PPP	1579	2419.0
dfe_ks5_subject_results_historic	2022	4	Supp	259	660.0
dfe_ks5_subject_results_historic	2022	4	Total	82528	1222199.0
dfe_tlevel_results	2023	4	Distinction	622	2235.0
dfe_tlevel_results	2023	4	Distinction*	622	23.0
dfe_tlevel_results	2023	4	Merit	622	6658.0
dfe_tlevel_results	2023	4	Partial achievement	622	1210.0
dfe_tlevel_results	2023	4	Pass	622	3753.0
dfe_tlevel_results	2023	4	Total exam entries	785	14726.0
dfe_tlevel_results	2023	4	Unclassified	622	38.0
dfe_tlevel_results	2024	4	Distinction	967	3681.0
dfe_tlevel_results	2024	4	Distinction*	967	39.0
dfe_tlevel_results	2024	4	Merit	967	11479.0
dfe_tlevel_results	2024	4	Partial achievement	967	1432.0
dfe_tlevel_results	2024	4	Pass	967	6262.0
dfe_tlevel_results	2024	4	Total exam entries	1175	23998.0
dfe_tlevel_results	2024	4	Unclassified	967	54.0
