137625-bands94-dark-1280	br	vicdata.ks4.results.c1.trends	Trend table	chart[]	card[across:2022/23,2024/25]	card-swapped[down:2021/22,2022/23,2023/24,2024/25]	fs[across:2021/22,2022/23,2023/24,2024/25]	fs-swapped[down:2021/22,2022/23,2023/24,2024/25]
137625-bands94-dark-1280	br	vicdata.ks4.results.c1.trends	Change table	chart[]	card[]	card-swapped[-]	fs[]	fs-swapped[]
137625-bands94-dark-1280	br	vicdata.ks4.results.c2.trends	Trend table	chart[]	card[across:2022/23,2024/25]	card-swapped[down:2021/22,2022/23,2023/24,2024/25]	fs[across:2021/22,2022/23,2023/24,2024/25]	fs-swapped[down:2021/22,2022/23,2023/24,2024/25]
137625-bands94-dark-1280	br	vicdata.ks4.results.c2.trends	Change table	chart[]	card[across:2022/23,2024/25]	card-swapped[down:2021/22,2022/23,2023/24,2024/25]	fs[across:2021/22,2022/23,2023/24,2024/25]	fs-swapped[down:2021/22,2022/23,2023/24,2024/25]
137625-bands94-dark-1280	br	vicdata.ks4.results.c3.trends	Trend table	chart[]	card[across:2022/23,2024/25]	card-swapped[down:2021/22,2022/23,2023/24,2024/25]	fs[across:2021/22,2022/23,2023/24,2024/25]	fs-swapped[down:2021/22,2022/23,2023/24,2024/25]
137625-bands94-dark-1280	br	vicdata.ks4.results.c3.trends	Change table	chart[]	card[across:2022/23,2024/25]	card-swapped[down:2021/22,2022/23,2023/24,2024/25]	fs[across:2021/22,2022/23,2023/24,2024/25]	fs-swapped[down:2021/22,2022/23,2023/24,2024/25]
137625-threshold-dark-1280	br	vicdata.ks4.results.c1.trends	Trend table	chart[]	card[across:2022/23,2024/25]	card-swapped[down:2021/22,2022/23,2023/24,2024/25]	fs[across:2021/22,2022/23,2023/24,2024/25]	fs-swapped[down:2021/22,2022/23,2023/24,2024/25]
137625-threshold-dark-1280	br	vicdata.ks4.results.c1.trends	Change table	chart[]	card[]	card-swapped[-]	fs[]	fs-swapped[]
137625-threshold-dark-1280	br	vicdata.ks4.results.c2.trends	Trend table	chart[]	card[across:2022/23,2024/25]	card-swapped[down:2021/22,2022/23,2023/24,2024/25]	fs[across:2021/22,2022/23,2023/24,2024/25]	fs-swapped[down:2021/22,2022/23,2023/24,2024/25]
137625-threshold-dark-1280	br	vicdata.ks4.results.c2.trends	Change table	chart[]	card[across:2022/23,2024/25]	card-swapped[down:2021/22,2022/23,2023/24,2024/25]	fs[across:2021/22,2022/23,2023/24,2024/25]	fs-swapped[down:2021/22,2022/23,2023/24,2024/25]
137625-threshold-dark-1280	br	vicdata.ks4.results.c3.trends	Trend table	chart[]	card[across:2022/23,2024/25]	card-swapped[down:2021/22,2022/23,2023/24,2024/25]	fs[across:2021/22,2022/23,2023/24,2024/25]	fs-swapped[down:2021/22,2022/23,2023/24,2024/25]
137625-threshold-dark-1280	br	vicdata.ks4.results.c3.trends	Change table	chart[]	card[across:2022/23,2024/25]	card-swapped[down:2021/22,2022/23,2023/24,2024/25]	fs[across:2021/22,2022/23,2023/24,2024/25]	fs-swapped[down:2021/22,2022/23,2023/24,2024/25]
137625-counts-dark-1280	br	vicdata.ks4.results.c1.trends	Change table	chart[]	card[across:2022/23,2024/25]	card-swapped[down:2022/23,2024/25]	fs[across:2022/23,2024/25]	fs-swapped[down:2022/23,2024/25]
