137625-bands94-v1	br	vicdata.ks4.results.c1.trends	Trend table	chart[]	card[across:2022/23,2024/25]	card-swapped[down:2021/22,2022/23,2023/24,2024/25]	fs[across:2021/22,2022/23,2023/24,2024/25]	fs-swapped[down:2021/22,2022/23,2023/24,2024/25]
137625-bands94-v1	br	vicdata.ks4.results.c1.trends	Change table	chart[]	card[]	card-swapped[-]	fs[]	fs-swapped[]
137625-bands94-v1	br	vicdata.ks4.results.c2.trends	Trend table	chart[]	card[across:2022/23,2024/25]	card-swapped[down:2021/22,2022/23,2023/24,2024/25]	fs[across:2021/22,2022/23,2023/24,2024/25]	fs-swapped[down:2021/22,2022/23,2023/24,2024/25]
137625-bands94-v1	br	vicdata.ks4.results.c2.trends	Change table	chart[]	card[across:2022/23,2024/25]	card-swapped[down:2021/22,2022/23,2023/24,2024/25]	fs[across:2021/22,2022/23,2023/24,2024/25]	fs-swapped[down:2021/22,2022/23,2023/24,2024/25]
137625-bands94-v1	br	vicdata.ks4.results.c3.trends	Trend table	chart[]	card[across:2022/23,2024/25]	card-swapped[down:2021/22,2022/23,2023/24,2024/25]	fs[across:2021/22,2022/23,2023/24,2024/25]	fs-swapped[down:2021/22,2022/23,2023/24,2024/25]
137625-bands94-v1	br	vicdata.ks4.results.c3.trends	Change table	chart[]	card[across:2022/23,2024/25]	card-swapped[down:2021/22,2022/23,2023/24,2024/25]	fs[across:2021/22,2022/23,2023/24,2024/25]	fs-swapped[down:2021/22,2022/23,2023/24,2024/25]
137625-bands97	br	vicdata.ks4.results.c1.trends	Trend table	chart[]	card[across:2022/23,2024/25]	card-swapped[down:2021/22,2022/23,2023/24,2024/25]	fs[across:2021/22,2022/23,2023/24,2024/25]	fs-swapped[down:2021/22,2022/23,2023/24,2024/25]
137625-bands97	br	vicdata.ks4.results.c1.trends	Change table	chart[]	card[]	card-swapped[-]	fs[]	fs-swapped[]
137625-bands97	br	vicdata.ks4.results.c2.trends	Trend table	chart[]	card[across:2022/23,2024/25]	card-swapped[down:2021/22,2022/23,2023/24,2024/25]	fs[across:2021/22,2022/23,2023/24,2024/25]	fs-swapped[down:2021/22,2022/23,2023/24,2024/25]
137625-bands97	br	vicdata.ks4.results.c2.trends	Change table	chart[]	card[across:2022/23,2024/25]	card-swapped[down:2021/22,2022/23,2023/24,2024/25]	fs[across:2021/22,2022/23,2023/24,2024/25]	fs-swapped[down:2021/22,2022/23,2023/24,2024/25]
137625-bands97	br	vicdata.ks4.results.c3.trends	Trend table	chart[]	card[across:2022/23,2024/25]	card-swapped[down:2021/22,2022/23,2023/24,2024/25]	fs[across:2021/22,2022/23,2023/24,2024/25]	fs-swapped[down:2021/22,2022/23,2023/24,2024/25]
137625-bands97	br	vicdata.ks4.results.c3.trends	Change table	chart[]	card[across:2022/23,2024/25]	card-swapped[down:2021/22,2022/23,2023/24,2024/25]	fs[across:2021/22,2022/23,2023/24,2024/25]	fs-swapped[down:2021/22,2022/23,2023/24,2024/25]
137625-bands9	br	vicdata.ks4.results.c1.trends	Trend table	chart[]	card[across:2022/23,2024/25]	card-swapped[down:2021/22,2022/23,2023/24,2024/25]	fs[across:2021/22,2022/23,2023/24,2024/25]	fs-swapped[down:2021/22,2022/23,2023/24,2024/25]
137625-bands9	br	vicdata.ks4.results.c1.trends	Change table	chart[]	card[]	card-swapped[-]	fs[]	fs-swapped[]
137625-bands9	br	vicdata.ks4.results.c2.trends	Trend table	chart[]	card[across:2022/23,2024/25]	card-swapped[down:2021/22,2022/23,2023/24,2024/25]	fs[across:2021/22,2022/23,2023/24,2024/25]	fs-swapped[down:2021/22,2022/23,2023/24,2024/25]
137625-bands9	br	vicdata.ks4.results.c2.trends	Change table	chart[]	card[across:2022/23,2024/25]	card-swapped[down:2021/22,2022/23,2023/24,2024/25]	fs[across:2021/22,2022/23,2023/24,2024/25]	fs-swapped[down:2021/22,2022/23,2023/24,2024/25]
137625-bands9	br	vicdata.ks4.results.c3.trends	Trend table	chart[]	card[across:2022/23,2024/25]	card-swapped[down:2021/22,2022/23,2023/24,2024/25]	fs[across:2021/22,2022/23,2023/24,2024/25]	fs-swapped[down:2021/22,2022/23,2023/24,2024/25]
137625-bands9	br	vicdata.ks4.results.c3.trends	Change table	chart[]	card[across:2022/23,2024/25]	card-swapped[down:2021/22,2022/23,2023/24,2024/25]	fs[across:2021/22,2022/23,2023/24,2024/25]	fs-swapped[down:2021/22,2022/23,2023/24,2024/25]
137625-bands97-390	br	vicdata.ks4.results.c1.trends	Trend table	chart[]	card[across:2022/23,2024/25]	card-swapped[down:2021/22,2022/23,2023/24,2024/25]	fs[across:2021/22,2022/23,2023/24,2024/25]	fs-swapped[down:2021/22,2022/23,2023/24,2024/25]
137625-bands97-390	br	vicdata.ks4.results.c1.trends	Change table	chart[]	card[]	card-swapped[-]	fs[]	fs-swapped[]
137625-counts9	br	vicdata.ks4.results.c1.trends	Change table	chart[]	card[across:2022/23,2024/25]	card-swapped[down:2022/23,2024/25]	fs[across:2022/23,2024/25]	fs-swapped[down:2022/23,2024/25]
137625-counts9	br	vicdata.ks4.results.c2.trends	Trend table	chart[]	card[across:2022/23,2024/25]	card-swapped[down:2021/22,2022/23,2023/24,2024/25]	fs[across:2021/22,2022/23,2023/24,2024/25]	fs-swapped[down:2021/22,2022/23,2023/24,2024/25]
137625-counts9	br	vicdata.ks4.results.c2.trends	Change table	chart[]	card[across:2022/23,2024/25]	card-swapped[down:2021/22,2022/23,2023/24,2024/25]	fs[across:2021/22,2022/23,2023/24,2024/25]	fs-swapped[down:2021/22,2022/23,2023/24,2024/25]
137625-counts9	br	vicdata.ks4.results.c3.trends	Trend table	chart[]	card[across:2022/23,2024/25]	card-swapped[down:2021/22,2022/23,2023/24,2024/25]	fs[across:2021/22,2022/23,2023/24,2024/25]	fs-swapped[down:2021/22,2022/23,2023/24,2024/25]
137625-counts9	br	vicdata.ks4.results.c3.trends	Change table	chart[]	card[across:2022/23,2024/25]	card-swapped[down:2021/22,2022/23,2023/24,2024/25]	fs[across:2021/22,2022/23,2023/24,2024/25]	fs-swapped[down:2021/22,2022/23,2023/24,2024/25]
137625-counts9-v1	br	vicdata.ks4.results.c1.trends	Change table	chart[]	card[across:2022/23,2024/25]	card-swapped[down:2022/23,2024/25]	fs[across:2022/23,2024/25]	fs-swapped[down:2022/23,2024/25]
137625-counts9-v1	br	vicdata.ks4.results.c2.trends	Trend table	chart[]	card[across:2022/23,2024/25]	card-swapped[down:2021/22,2022/23,2023/24,2024/25]	fs[across:2021/22,2022/23,2023/24,2024/25]	fs-swapped[down:2021/22,2022/23,2023/24,2024/25]
137625-counts9-v1	br	vicdata.ks4.results.c2.trends	Change table	chart[]	card[across:2022/23,2024/25]	card-swapped[down:2021/22,2022/23,2023/24,2024/25]	fs[across:2021/22,2022/23,2023/24,2024/25]	fs-swapped[down:2021/22,2022/23,2023/24,2024/25]
137625-counts9-v1	br	vicdata.ks4.results.c3.trends	Trend table	chart[]	card[across:2022/23,2024/25]	card-swapped[down:2021/22,2022/23,2023/24,2024/25]	fs[across:2021/22,2022/23,2023/24,2024/25]	fs-swapped[down:2021/22,2022/23,2023/24,2024/25]
137625-counts9-v1	br	vicdata.ks4.results.c3.trends	Change table	chart[]	card[across:2022/23,2024/25]	card-swapped[down:2021/22,2022/23,2023/24,2024/25]	fs[across:2021/22,2022/23,2023/24,2024/25]	fs-swapped[down:2021/22,2022/23,2023/24,2024/25]
117037-bandsAsA	br	vicdata.ks5.results.c1.trends	Trend table	chart[]	card[across:2022/23,2024/25]	card-swapped[down:2021/22,2022/23,2023/24,2024/25]	fs[across:2021/22,2022/23,2023/24,2024/25]	fs-swapped[down:2021/22,2022/23,2023/24,2024/25]
117037-bandsAsA	br	vicdata.ks5.results.c1.trends	Change table	chart[]	card[]	card-swapped[-]	fs[]	fs-swapped[]
117037-bandsAsA	br	vicdata.ks5.results.c2.trends	Trend table	chart[]	card[across:2022/23,2024/25]	card-swapped[down:2021/22,2022/23,2023/24,2024/25]	fs[across:2021/22,2022/23,2023/24,2024/25]	fs-swapped[down:2021/22,2022/23,2023/24,2024/25]
117037-bandsAsA	br	vicdata.ks5.results.c2.trends	Change table	chart[]	card[across:2022/23,2024/25]	card-swapped[down:2021/22,2022/23,2023/24,2024/25]	fs[across:2021/22,2022/23,2023/24,2024/25]	fs-swapped[down:2021/22,2022/23,2023/24,2024/25]
117037-bandsAsA	br	vicdata.ks5.results.c3.trends	Trend table	chart[]	card[across:2022/23,2024/25]	card-swapped[down:2021/22,2022/23,2023/24,2024/25]	fs[across:2021/22,2022/23,2023/24,2024/25]	fs-swapped[down:2021/22,2022/23,2023/24,2024/25]
117037-bandsAsA	br	vicdata.ks5.results.c3.trends	Change table	chart[]	card[across:2022/23,2024/25]	card-swapped[down:2021/22,2022/23,2023/24,2024/25]	fs[across:2021/22,2022/23,2023/24,2024/25]	fs-swapped[down:2021/22,2022/23,2023/24,2024/25]
117037-threshold	br	vicdata.ks5.results.c1.trends	Trend table	chart[]	card[across:2022/23,2024/25]	card-swapped[down:2021/22,2022/23,2023/24,2024/25]	fs[across:2021/22,2022/23,2023/24,2024/25]	fs-swapped[down:2021/22,2022/23,2023/24,2024/25]
117037-threshold	br	vicdata.ks5.results.c1.trends	Change table	chart[]	card[]	card-swapped[-]	fs[]	fs-swapped[]
117037-threshold	br	vicdata.ks5.results.c2.trends	Trend table	chart[]	card[across:2022/23,2024/25]	card-swapped[down:2021/22,2022/23,2023/24,2024/25]	fs[across:2021/22,2022/23,2023/24,2024/25]	fs-swapped[down:2021/22,2022/23,2023/24,2024/25]
117037-threshold	br	vicdata.ks5.results.c2.trends	Change table	chart[]	card[across:2022/23,2024/25]	card-swapped[down:2021/22,2022/23,2023/24,2024/25]	fs[across:2021/22,2022/23,2023/24,2024/25]	fs-swapped[down:2021/22,2022/23,2023/24,2024/25]
117037-threshold	br	vicdata.ks5.results.c3.trends	Trend table	chart[]	card[across:2022/23,2024/25]	card-swapped[down:2021/22,2022/23,2023/24,2024/25]	fs[across:2021/22,2022/23,2023/24,2024/25]	fs-swapped[down:2021/22,2022/23,2023/24,2024/25]
117037-threshold	br	vicdata.ks5.results.c3.trends	Change table	chart[]	card[across:2022/23,2024/25]	card-swapped[down:2021/22,2022/23,2023/24,2024/25]	fs[across:2021/22,2022/23,2023/24,2024/25]	fs-swapped[down:2021/22,2022/23,2023/24,2024/25]
117037-bandsAsA-v1	br	vicdata.ks5.results.c1.trends	Trend table	chart[]	card[across:2022/23,2024/25]	card-swapped[down:2021/22,2022/23,2023/24,2024/25]	fs[across:2021/22,2022/23,2023/24,2024/25]	fs-swapped[down:2021/22,2022/23,2023/24,2024/25]
117037-bandsAsA-v1	br	vicdata.ks5.results.c1.trends	Change table	chart[]	card[]	card-swapped[-]	fs[]	fs-swapped[]
117037-bandsAsA-v1	br	vicdata.ks5.results.c2.trends	Trend table	chart[]	card[across:2022/23,2024/25]	card-swapped[down:2021/22,2022/23,2023/24,2024/25]	fs[across:2021/22,2022/23,2023/24,2024/25]	fs-swapped[down:2021/22,2022/23,2023/24,2024/25]
117037-bandsAsA-v1	br	vicdata.ks5.results.c2.trends	Change table	chart[]	card[across:2022/23,2024/25]	card-swapped[down:2021/22,2022/23,2023/24,2024/25]	fs[across:2021/22,2022/23,2023/24,2024/25]	fs-swapped[down:2021/22,2022/23,2023/24,2024/25]
117037-bandsAsA-v1	br	vicdata.ks5.results.c3.trends	Trend table	chart[]	card[across:2022/23,2024/25]	card-swapped[down:2021/22,2022/23,2023/24,2024/25]	fs[across:2021/22,2022/23,2023/24,2024/25]	fs-swapped[down:2021/22,2022/23,2023/24,2024/25]
117037-bandsAsA-v1	br	vicdata.ks5.results.c3.trends	Change table	chart[]	card[across:2022/23,2024/25]	card-swapped[down:2021/22,2022/23,2023/24,2024/25]	fs[across:2021/22,2022/23,2023/24,2024/25]	fs-swapped[down:2021/22,2022/23,2023/24,2024/25]
